Data,UK_3_Month_treasury_Securities,US_3_Month_Treasury_Yield,US_Federal_Funds_Effective,UK_London_Interbank_Offered_Rate,exchus,exukus,Interest_rate_required_reserves,inflation,totval,sprtrn,SP_500_risk_index,efftax_Median,adv_sale_Median,staff_sale_Median,Employment_Cost_Index,Import_Price_Index,Export_Price_Index,Labor_Productivity_Index_business_sector,Labor_Productivity_Index_manufacturing_sector
1990-01-31,14.4529,7.8980952381,8.23,15.1988636364,4.7339,0.6056,0.0,0.010309,3051808110.0,-0.068817,23.3472727273,0.3586,0.005,0.0166,84.7,92.5,95.2,63.588,51.288
1990-02-28,14.3421,8.00210526316,8.24,15.149219,4.7339,0.5896,0.0,0.00471,3087995240.0,0.008539,23.2626315789,0.3586,0.005,0.0166,84.7,92.7,94.6,63.588,51.288
1990-03-31,14.587,8.17,8.28,15.3167618182,4.7339,0.6156,0.0,0.005469,3165214870.0,0.024255,20.0622727273,0.3586,0.005,0.0166,84.7,92.4,94.8,63.588,51.288
1990-04-30,14.62,8.0405,8.26,15.2582242105,4.7339,0.6108,0.0,0.001554,3070901530.0,-0.026887,21.4035,0.3586,0.005,0.0166,84.7,91.6,95.1,63.588,51.288
1990-05-31,14.4826,8.00681818182,8.18,15.1919642857,4.7339,0.5962,0.0,0.002327,3330408750.0,0.091989,18.0977272727,0.3586,0.005,0.0166,84.7,91.2,95.3,63.588,51.288
1990-06-30,14.3198,7.98666666667,8.29,15.0130209524,4.7339,0.5847,0.0,0.005418,3308329830.0,-0.008886,16.8223809524,0.3586,0.005,0.0166,84.7,90.8,95.1,64.189,51.513
1990-07-31,14.3317,7.87476190476,8.15,14.9857954545,4.7339,0.5525,0.0,0.003849,3271591460.0,-0.005223,18.3928571429,0.3586,0.005,0.0166,84.7,90.5,95.3,64.189,51.513
1990-08-31,14.2896,7.69434782609,8.13,15.0174013636,4.7339,0.526,0.0,0.009202,2951893620.0,-0.094314,28.1752173913,0.3586,0.005,0.0166,84.7,93.3,95.4,64.189,51.513
1990-09-30,14.2333,7.59789473684,8.2,14.951172,4.7342,0.5321,0.0,0.008359,2783127290.0,-0.051184,29.1073684211,0.3586,0.005,0.0166,84.7,96.5,95.8,64.554,52.144
1990-10-31,13.1273,7.4,8.11,14.0621604348,4.7339,0.514,0.0,0.006029,2739219530.0,-0.006698,29.6256521739,0.3586,0.005,0.0166,84.7,99.3,96.6,64.554,52.144
1990-11-30,12.6947,7.2905,7.81,13.6811081818,4.9714,0.5091,0.0,0.002247,2905372460.0,0.059934,24.8857142857,0.3586,0.005,0.0166,84.7,98.7,96.7,64.554,52.144
1990-12-31,13.0581,6.9495,7.31,13.8692436842,5.2352,0.5203,0.0,0.0,2979582530.0,0.024828,23.363,0.3586,0.005,0.0166,84.7,98.4,96.3,63.972,52.093
1991-01-31,12.8363,6.41047619048,6.91,14.0085231818,5.2352,0.5169,0.0,0.005979,3115064270.0,0.041518,27.4290909091,0.3586,0.005,0.0166,84.7,97.0,96.8,63.972,52.093
1991-02-28,11.8831,6.11631578947,6.25,13.2953135,5.2352,0.5091,0.0,0.001486,3338960830.0,0.067281,21.5984210526,0.3586,0.005,0.0166,84.7,95.0,96.7,63.972,52.093
1991-03-31,11.5556,6.0935,6.12,12.4609385,5.2352,0.549,0.0,0.001484,3444588200.0,0.022203,17.7442105263,0.3586,0.005,0.0166,84.7,95.0,96.4,64.142,52.168
1991-04-30,11.17,5.82545454545,5.91,11.9918161905,5.2767,0.5715,0.0,0.001481,3452130500.0,0.000346,17.3727272727,0.3586,0.005,0.0166,84.7,94.2,96.6,64.142,52.168
1991-05-31,10.7438,5.63363636364,5.78,11.5662209524,5.3257,0.5801,0.0,0.002959,3586959580.0,0.038577,16.9322727273,0.3586,0.005,0.0166,84.7,94.0,96.4,64.142,52.168
1991-06-30,10.7456,5.751,5.9,11.2984375,5.3667,0.6062,0.0,0.00295,3447776450.0,-0.047893,17.135,0.3586,0.005,0.0166,84.7,93.4,96.1,65.171,52.82
1991-07-31,10.4456,5.75090909091,5.82,11.1297556522,5.3693,0.6056,0.0,0.001471,3609514750.0,0.044859,17.2940909091,0.3586,0.005,0.0166,84.7,92.8,95.7,65.171,52.82
1991-08-31,10.0676,5.49772727273,5.66,10.9389880952,5.3725,0.5938,0.0,0.002937,3698163140.0,0.019649,15.6813636364,0.3586,0.005,0.0166,84.7,93.1,96.0,65.171,52.82
1991-09-30,9.6979,5.3735,5.45,10.334077619,5.3869,0.5792,0.0,0.004392,3674720010.0,-0.019144,16.9565,0.3586,0.005,0.0166,84.7,93.3,95.6,65.593,53.65
1991-10-31,9.9402,5.14409090909,5.21,10.45822,5.3917,0.5803,0.0,0.001458,3742700850.0,0.01186,16.3639130435,0.3586,0.005,0.0166,84.7,94.1,96.6,65.593,53.65
1991-11-30,10.0806,4.68947368421,4.81,10.529762381,5.3994,0.5619,0.0,0.002911,3597829500.0,-0.043928,17.7735,0.3586,0.005,0.0166,84.7,94.5,96.7,65.593,53.65
1991-12-31,10.1879,4.18428571429,4.43,10.8244242105,5.4232,0.5473,0.0,0.000726,3997265300.0,0.111588,18.3476190476,0.3586,0.005,0.0166,84.7,94.3,95.7,66.017,53.708
1992-01-31,9.8765,3.90619047619,4.03,10.7049009091,5.4618,0.5528,0.0,0.00145,3987564690.0,-0.0199,17.6831818182,0.3586,0.005,0.0166,84.7,94.0,95.7,66.017,53.708
1992-02-29,9.7383,3.95,4.06,10.4203125,5.4776,0.5625,0.0,0.003621,4034386120.0,0.009565,17.4773684211,0.3586,0.005,0.0166,84.7,94.0,96.3,66.017,53.708
1992-03-31,10.2134,4.13863636364,3.98,10.670455,5.4871,0.5801,0.0,0.005051,3975481440.0,-0.021832,17.5204545455,0.3586,0.005,0.0166,84.7,93.9,96.2,67.384,54.015
1992-04-30,9.5628,3.83904761905,3.73,10.6828125,5.5098,0.5693,0.0,0.001436,4018103920.0,0.027893,16.5628571429,0.3586,0.005,0.0166,84.7,93.6,96.4,67.384,54.015
1992-05-31,9.4278,3.719,3.82,10.1040294737,5.5182,0.5526,0.0,0.001434,4031463830.0,0.000964,15.077,0.3586,0.005,0.0166,84.7,94.0,96.7,67.384,54.015
1992-06-30,9.4619,3.745,3.76,10.0507813636,5.4893,0.5391,0.0,0.003579,3978389000.0,-0.017359,15.2031818182,0.3586,0.005,0.0166,84.7,94.8,96.5,67.869,54.787
1992-07-31,9.6127,3.27954545455,3.25,10.202446087,5.4564,0.5215,0.0,0.00214,4132800830.0,0.039374,13.6018181818,0.3586,0.005,0.0166,84.7,95.3,96.6,67.869,54.787
1992-08-31,9.6875,3.19904761905,3.3,10.4015625,5.4417,0.5146,0.0,0.002847,4036583830.0,-0.023998,14.4219047619,0.3586,0.005,0.0166,84.7,95.7,96.3,67.869,54.787
1992-09-30,8.2261,2.96857142857,3.22,10.0372872727,5.5048,0.5416,0.0,0.002839,4093047090.0,0.009106,13.6966666667,0.3586,0.005,0.0166,84.7,95.9,96.6,68.486,55.884
1992-10-31,6.7575,2.93285714286,3.1,8.39346590909,5.5486,0.605,0.0,0.003539,4137175460.0,0.002106,17.6368181818,0.3586,0.005,0.0166,84.7,96.6,96.3,68.486,55.884
1992-11-30,6.4577,3.20578947368,3.09,7.26711333333,5.6134,0.655,0.0,0.00141,4296086220.0,0.030262,14.4245,0.3586,0.005,0.0166,84.7,96.0,96.2,68.486,55.884
1992-12-31,6.3574,3.29136363636,2.92,7.22953904762,5.8106,0.6447,0.0,-0.000704,4396430190.0,0.010108,12.1913636364,0.3586,0.005,0.0166,84.7,94.4,96.3,68.841,55.842
1993-01-31,5.3246,3.07105263158,3.02,6.9792975,5.7796,0.6525,0.0,0.004933,4451554470.0,0.007046,12.409,0.3586,0.005,0.0166,84.7,94.3,96.4,68.841,55.842
1993-02-28,5.3717,2.99263157895,3.03,6.2308595,5.7874,0.6947,0.0,0.003506,4475207560.0,0.010484,13.7215789474,0.3586,0.005,0.0166,84.7,94.2,96.7,68.841,55.842
1993-03-31,5.3346,3.01434782609,3.07,6.03192956522,5.7455,0.6841,0.0,0.003494,4612158360.0,0.018697,13.6060869565,0.3586,0.005,0.0166,84.7,94.7,96.6,68.31,56.347
1993-04-30,5.29,2.93047619048,2.96,6.038672,5.7202,0.6474,0.0,0.002786,4500044390.0,-0.025417,12.840952381,0.3586,0.005,0.0166,84.7,95.2,96.8,68.31,56.347
1993-05-31,5.2123,3.025,3.0,6.04235210526,5.7392,0.6461,0.0,0.001389,4630766820.0,0.022717,13.606,0.3586,0.005,0.0166,84.7,95.5,97.1,68.31,56.347
1993-06-30,5.1541,3.14454545455,3.04,5.95170454545,5.7504,0.663,0.0,0.001387,4702527750.0,0.000755,12.5240909091,0.3586,0.005,0.0166,84.7,95.0,96.9,68.011,56.307
1993-07-31,5.0739,3.11095238095,3.06,6.00355136364,5.7756,0.6687,0.0,0.0,4700731930.0,-0.005327,11.5004761905,0.3586,0.005,0.0166,84.7,94.5,97.0,68.011,56.307
1993-08-31,5.1336,3.09045454545,3.03,5.91294666667,5.7906,0.6705,0.0,0.00277,4885087990.0,0.034432,11.9286363636,0.3586,0.005,0.0166,84.7,94.4,97.0,68.011,56.307
1993-09-30,5.2048,3.00857142857,3.09,5.95987227273,5.8015,0.6558,0.0,0.002072,4911217610.0,-0.009988,12.9314285714,0.3586,0.005,0.0166,84.7,94.5,96.9,67.999,56.342
1993-10-31,5.0037,3.092,2.99,5.81361619048,5.8013,0.6656,0.0,0.004135,5002318260.0,0.019393,11.8752380952,0.3586,0.005,0.0166,84.7,94.9,96.9,67.999,56.342
1993-11-30,4.8142,3.1795,3.02,5.60759954545,5.8086,0.6753,0.0,0.000686,4918457490.0,-0.012911,14.0838095238,0.3586,0.005,0.0166,84.7,94.4,97.0,67.999,56.342
1993-12-31,4.8934,3.12772727273,2.96,5.38355714286,5.821,0.6706,0.0,0.0,5055729830.0,0.010091,11.3563636364,0.3586,0.005,0.0166,84.7,93.5,97.3,68.59,57.127
1994-01-31,4.8533,3.0445,3.05,5.44375,8.7219,0.6701,0.0,0.002743,5217543330.0,0.032501,11.2904761905,0.3586,0.005,0.0166,84.7,93.5,98.0,68.59,57.127
1994-02-28,4.7129,3.33052631579,3.25,5.263282,8.7249,0.676,0.0,0.00342,5096183670.0,-0.030045,13.6442105263,0.3586,0.005,0.0166,84.7,93.9,98.0,68.59,57.127
1994-03-31,4.929,3.59086956522,3.34,5.22758173913,8.7241,0.6703,0.0,0.003408,4874971790.0,-0.045746,15.2234782609,0.3586,0.005,0.0166,84.7,94.0,98.2,68.891,57.576
1994-04-30,4.8485,3.78052631579,3.56,5.28001631579,8.7251,0.6746,0.0,0.001359,4916295320.0,0.011531,16.4710526316,0.3586,0.005,0.0166,84.7,94.7,98.2,68.891,57.576
1994-05-31,4.7991,4.26761904762,4.01,5.228125,8.6859,0.6648,0.0,0.000678,4962658440.0,0.012419,13.8971428571,0.3586,0.005,0.0166,84.7,95.5,98.5,68.891,57.576
1994-06-30,4.9525,4.24909090909,4.25,5.18785545455,8.6836,0.6552,0.0,0.00339,4837094660.0,-0.026812,13.4086363636,0.3586,0.005,0.0166,84.7,96.3,98.5,68.809,58.306
1994-07-31,5.6029,4.4565,4.26,5.26637,8.6605,0.6465,0.0,0.002703,4984087620.0,0.031467,12.4845,0.3586,0.005,0.0166,84.7,97.2,98.7,68.809,58.306
1994-08-31,5.3537,4.61173913043,4.47,5.57812545455,8.6072,0.6484,0.0,0.004043,5180068620.0,0.037643,11.8891304348,0.3586,0.005,0.0166,84.7,97.6,98.9,68.809,58.306
1994-09-30,5.471,4.75142857143,4.73,5.76811136364,8.5581,0.6385,0.0,0.002685,5088586130.0,-0.026898,13.2333333333,0.3586,0.005,0.0166,84.7,97.2,99.1,68.431,58.666
1994-10-31,5.4342,5.102,4.76,5.97470333333,8.5492,0.6225,0.0,0.000669,5147022960.0,0.020834,15.2452380952,0.3586,0.005,0.0166,84.7,97.9,99.7,68.431,58.666
1994-11-30,5.7182,5.449,5.29,6.12535545455,8.537,0.6292,0.0,0.001338,4941904580.0,-0.039505,16.3838095238,0.3586,0.005,0.0166,84.7,98.5,100.4,68.431,58.666
1994-12-31,5.9162,5.76476190476,5.45,6.4320315,8.5033,0.6416,0.0,0.0,5000485040.0,0.012299,14.1771428571,0.3586,0.005,0.0166,84.7,98.4,101.1,68.999,59.467
1995-01-31,6.1071,5.9015,5.53,6.63578904762,8.4608,0.6351,0.0,0.004008,5091745470.0,0.024278,12.2742857143,0.3586,0.005,0.0166,84.7,98.7,101.9,68.999,59.467
1995-02-28,6.1884,5.93947368421,5.92,6.80407105263,8.4553,0.6361,0.0,0.003992,5282589250.0,0.036074,11.47,0.3586,0.005,0.0166,84.7,99.4,102.5,68.999,59.467
1995-03-31,6.1134,5.91043478261,5.98,6.72554347826,8.4483,0.6249,0.0,0.003313,5430075100.0,0.027329,12.1665217391,0.3586,0.005,0.0166,84.7,99.9,103.0,68.694,60.263
1995-04-30,6.6146,5.83789473684,6.05,6.74869833333,8.4421,0.6222,0.0,0.003303,5558687650.0,0.02796,12.4426315789,0.3586,0.005,0.0166,84.7,100.9,104.0,68.694,60.263
1995-05-31,6.0766,5.84772727273,6.01,6.77790190476,8.337,0.63,0.0,0.001975,5734482850.0,0.036312,12.2659090909,0.3586,0.005,0.0166,84.7,101.8,104.3,68.694,60.263
1995-06-30,6.6197,5.63909090909,6.0,6.71484363636,8.3206,0.627,0.0,0.001971,5923054460.0,0.021279,11.8968181818,0.3586,0.005,0.0166,84.7,101.4,104.5,68.861,61.031
1995-07-31,6.5992,5.593,5.85,6.87686,8.3207,0.6269,0.0,0.0,6150027140.0,0.031776,12.514,0.3586,0.005,0.0166,84.7,101.1,104.8,68.861,61.031
1995-08-31,6.578,5.56565217391,5.74,6.87571090909,8.3253,0.6382,0.0,0.002623,6209194200.0,-0.00032,12.7982608696,0.3586,0.005,0.0166,84.7,100.8,104.3,68.861,61.031
1995-09-30,6.5378,5.434,5.8,6.79538714286,8.3374,0.6414,0.0,0.001962,6446473110.0,0.040098,12.057,0.3586,0.005,0.0166,84.7,100.8,104.4,68.927,61.456
1995-10-31,6.5346,5.44428571429,5.76,6.81782772727,8.3353,0.6338,0.0,0.003264,6387940840.0,-0.004979,14.3572727273,0.3586,0.005,0.0166,84.7,100.4,104.5,68.927,61.456
1995-11-30,6.2358,5.5180952381,5.8,6.72088090909,8.3334,0.64,0.0,-0.000651,6670659990.0,0.041049,12.469047619,0.3586,0.005,0.0166,84.7,100.6,104.5,68.927,61.456
1995-12-31,6.2159,5.294,5.6,6.54934263158,8.335,0.6491,0.0,-0.000651,6784930300.0,0.017444,11.7485,0.3586,0.005,0.0166,84.7,101.0,104.4,69.561,61.989
1996-01-31,6.009,5.15047619048,5.56,6.44193909091,8.3384,0.6541,0.0,0.005863,6965783150.0,0.032617,13.4736363636,0.3586,0.005,0.0166,84.7,101.2,104.9,69.561,61.989
1996-02-29,5.8748,4.9645,5.22,6.24553571429,8.3338,0.651,0.0,0.003238,7072971400.0,0.006934,15.033,0.3586,0.005,0.0166,84.7,101.0,104.7,69.561,61.989
1996-03-31,5.7999,5.09761904762,5.31,6.13988095238,8.3495,0.6548,0.0,0.005165,7171097030.0,0.007917,17.7623809524,0.3586,0.005,0.0166,84.7,101.6,104.6,70.23,62.671
1996-04-30,5.794,5.08772727273,5.22,6.08223736842,8.3515,0.6596,0.0,0.003854,7380813220.0,0.013431,16.5752380952,0.3586,0.005,0.0166,84.7,102.5,105.2,70.23,62.671
1996-05-31,5.8344,5.15363636364,5.24,6.11755952381,8.3479,0.66,0.0,0.001919,7603295110.0,0.022853,16.1463636364,0.3586,0.005,0.0166,84.7,101.8,105.6,70.23,62.671
1996-06-30,5.5318,5.2315,5.27,5.9347655,8.3424,0.6487,0.0,0.000639,7569285510.0,0.002257,16.395,0.3586,0.005,0.0166,84.7,100.7,105.4,71.161,62.971
1996-07-31,5.5143,5.29818181818,5.4,5.82167173913,8.3409,0.6439,0.0,0.001914,7151063640.0,-0.045748,17.9786363636,0.3586,0.005,0.0166,84.7,100.6,104.9,71.161,62.971
1996-08-31,5.5148,5.18909090909,5.22,5.83816952381,8.3379,0.6452,0.0,0.001911,7390812630.0,0.018814,15.7604545455,0.3586,0.005,0.0166,84.7,100.7,104.7,71.161,62.971
1996-09-30,5.5516,5.2375,5.3,5.86365285714,8.3341,0.6413,0.0,0.003179,7787927710.0,0.054173,16.578,0.3586,0.005,0.0166,84.7,101.8,103.9,71.465,63.704
1996-10-31,5.8592,5.12318181818,5.24,6.01953173913,8.3299,0.6304,0.0,0.003169,7881356310.0,0.026131,16.3817391304,0.3586,0.005,0.0166,84.7,102.4,103.6,71.465,63.704
1996-11-30,6.1328,5.16947368421,5.31,6.3869047619,8.3294,0.6016,0.0,0.001895,8397010430.0,0.073376,15.997,0.3586,0.005,0.0166,84.7,102.2,103.2,71.465,63.704
1996-12-31,6.1647,5.04047619048,5.29,6.4279315,8.329,0.601,0.0,0.0,8305347110.0,-0.021505,19.260952381,0.3586,0.005,0.0166,84.7,102.5,103.2,71.523,64.14
1997-01-31,5.934,5.16571428571,5.25,6.40891454545,8.326,0.603,0.0,0.003153,8732253490.0,0.061317,19.4733333333,0.3586,0.005,0.0166,84.7,102.2,103.3,71.523,64.14
1997-02-28,5.7574,5.14210526316,5.19,6.288477,8.3227,0.6152,0.0,0.003143,8715161190.0,0.005928,20.1394736842,0.3586,0.005,0.0166,84.7,101.2,103.5,71.523,64.14
1997-03-31,6.0361,5.2845,5.39,6.29379105263,8.3258,0.6213,0.0,0.002506,8328563980.0,-0.042614,20.17,0.3586,0.005,0.0166,84.7,100.0,103.6,71.341,65.047
1997-04-30,6.1348,5.30454545455,5.51,6.45436772727,8.3257,0.6138,0.0,0.00125,8664352550.0,0.058406,19.6622727273,0.3586,0.005,0.0166,84.7,98.8,103.6,71.341,65.047
1997-05-31,6.2108,5.19666666667,5.5,6.531641,8.3229,0.6127,0.0,-0.000624,9276401230.0,0.058577,19.9247619048,0.3586,0.005,0.0166,84.7,98.8,103.4,71.341,65.047
1997-06-30,6.42,5.07095238095,5.56,6.66462095238,8.3224,0.6079,0.0,0.001249,9668399130.0,0.043453,20.1942857143,0.3586,0.005,0.0166,84.7,98.8,103.2,72.235,66.108
1997-07-31,6.7348,5.19454545455,5.52,7.04144130435,8.3162,0.599,0.0,0.001248,10409677300.0,0.078123,20.5290909091,0.3586,0.005,0.0166,84.7,98.5,103.2,72.235,66.108
1997-08-31,6.9241,5.27952380952,5.54,7.2400395,8.3187,0.6236,0.0,0.001869,10027962500.0,-0.057446,23.0847619048,0.3586,0.005,0.0166,84.7,98.4,103.2,72.235,66.108
1997-09-30,6.8969,5.08476190476,5.54,7.296875,8.3171,0.6245,0.0,0.002488,10643413800.0,0.053154,23.8123809524,0.3586,0.005,0.0166,84.7,98.4,102.9,72.903,67.516
1997-10-31,6.8999,5.11272727273,5.5,7.35614826087,8.3135,0.6124,0.0,0.002481,10271866100.0,-0.034478,23.8708695652,0.3586,0.005,0.0166,84.7,98.6,102.5,72.903,67.516
1997-11-30,7.133,5.28111111111,5.52,7.6261725,8.3109,0.5921,0.0,-0.000619,10586696000.0,0.044587,32.2061111111,0.3586,0.005,0.0166,84.7,98.1,102.5,72.903,67.516
1997-12-31,7.1058,5.30454545455,5.5,7.72116809524,8.3099,0.6025,0.0,-0.001238,10794170200.0,0.015732,26.2763636364,0.3586,0.005,0.0166,84.7,97.2,102.0,73.251,68.687
1998-01-31,6.7291,5.179,5.56,7.58054333333,8.3094,0.6116,0.0,0.00186,10832553600.0,0.01015,23.8665,0.3586,0.005,0.0166,84.7,95.9,101.3,73.251,68.687
1998-02-28,6.9691,5.23,5.51,7.5439455,8.3072,0.6095,0.0,0.001856,11609181700.0,0.070449,19.9989473684,0.3586,0.005,0.0166,84.7,95.0,101.0,73.251,68.687
1998-03-31,7.0934,5.16181818182,5.49,7.56454714286,8.3076,0.6017,0.0,0.001853,12270630900.0,0.049946,20.1586363636,0.3586,0.005,0.0166,84.7,94.1,100.7,73.701,69.496
1998-04-30,6.9342,5.08285714286,5.45,7.5337885,8.3058,0.598,0.0,0.00185,12404129800.0,0.009076,22.0285714286,0.3586,0.005,0.0166,84.7,93.9,100.3,73.701,69.496
1998-05-31,7.0563,5.14,5.49,7.48602,8.3084,0.6104,0.0,0.001846,12109391500.0,-0.018826,20.874,0.3586,0.005,0.0166,84.7,93.7,100.4,73.701,69.496
1998-06-30,7.3602,5.12409090909,5.56,7.71395636364,8.31,0.6059,0.0,0.001229,12563660200.0,0.039438,21.6627272727,0.3586,0.005,0.0166,84.7,93.1,99.9,74.1,69.871
1998-07-31,7.2971,5.09454545455,5.54,7.80621652174,8.31,0.6084,0.0,0.001227,12280112800.0,-0.011615,19.93,0.3586,0.005,0.0166,84.7,92.3,99.5,74.1,69.871
1998-08-31,7.0995,5.04095238095,5.55,7.7333985,8.31,0.6119,0.0,0.001225,10329305300.0,-0.145797,31.5880952381,0.3586,0.005,0.0166,84.7,92.0,99.0,74.1,69.871
1998-09-30,6.7547,4.73904761905,5.51,7.467685,8.3055,0.5944,0.0,0.001224,10989073800.0,0.062396,38.2047619048,0.3586,0.005,0.0166,84.7,92.2,98.5,75.168,71.016
1998-10-31,6.555,4.07047619048,5.07,7.22291,8.2778,0.5902,0.0,0.002445,11786920600.0,0.080294,36.6081818182,0.3586,0.005,0.0166,84.7,92.3,98.4,75.168,71.016
1998-11-30,6.2371,4.53105263158,4.83,6.97447952381,8.2778,0.602,0.0,0.0,12531813100.0,0.059126,26.223,0.3586,0.005,0.0166,84.7,91.8,98.6,75.168,71.016
1998-12-31,5.5552,4.49681818182,4.68,6.47126619048,8.278,0.5985,0.0,-0.00061,13297313900.0,0.056375,25.4790909091,0.3586,0.005,0.0166,84.7,91.0,98.5,75.697,71.686
1999-01-31,5.3188,4.44631578947,4.63,5.9049155,8.2789,0.6061,0.0,0.002441,13750421600.0,0.041009,28.0352631579,0.3586,0.005,0.0166,84.7,91.3,98.5,75.697,71.686
1999-02-28,5.0458,4.55526315789,4.76,5.531971,8.2781,0.6144,0.0,0.001217,13243810700.0,-0.032283,28.8226315789,0.3586,0.005,0.0166,84.7,91.2,98.3,75.697,71.686
1999-03-31,4.8669,4.56652173913,4.81,5.42286826087,8.2792,0.6168,0.0,0.00304,13752957900.0,0.038794,25.3095652174,0.3586,0.005,0.0166,84.7,91.5,97.9,76.523,72.916
1999-04-30,4.9215,4.40909090909,4.74,5.318659,8.2792,0.6215,0.0,0.007273,14474202500.0,0.037944,23.4785714286,0.3586,0.005,0.0166,84.7,92.4,98.1,76.523,72.916
1999-05-31,4.9214,4.631,4.74,5.34838842105,8.2785,0.619,0.0,0.0,14220263600.0,-0.02497,26.2045,0.3586,0.005,0.0166,84.7,93.1,98.2,76.523,72.916
1999-06-30,4.7086,4.71545454545,4.76,5.22114454545,8.278,0.627,0.0,0.0,14892886800.0,0.054438,23.6263636364,0.3586,0.005,0.0166,84.7,92.9,98.2,76.672,73.6
1999-07-31,4.8593,4.68571428571,4.99,5.16688318182,8.2776,0.6349,0.0,0.003008,14464298200.0,-0.032046,21.049047619,0.3579,0.005,0.0167,84.7,93.8,98.1,76.672,73.6
1999-08-31,4.8373,4.87363636364,5.07,5.25634,8.2772,0.6227,0.0,0.0024,14332449900.0,-0.006254,24.3236363636,0.3573,0.005,0.0168,84.7,94.8,98.4,76.672,73.6
1999-09-30,5.3095,4.82238095238,5.22,5.41069681818,8.2774,0.6155,0.0,0.004788,14045743800.0,-0.028552,24.5414285714,0.3575,0.005,0.0167,84.7,95.8,98.5,77.316,73.626
1999-10-31,5.2526,5.0185,5.2,6.02564,8.2775,0.6034,0.0,0.001787,14998451400.0,0.062539,24.0214285714,0.3577,0.0051,0.0167,84.7,96.0,98.8,77.316,73.626
1999-11-30,5.2094,5.2275,5.42,5.87249545455,8.2782,0.6171,0.0,0.000595,15653630600.0,0.019062,21.8180952381,0.3567,0.0052,0.0167,84.7,96.7,99.0,77.316,73.626
1999-12-31,5.6154,5.35681818182,5.3,6.0528445,8.2794,0.6199,0.0,0.0,17016519300.0,0.057844,22.1590909091,0.3563,0.0052,0.0168,84.7,97.4,99.0,78.535,75.572
2000-01-31,5.7646,5.499,5.45,6.1392125,8.2792,0.6096,0.0,0.002971,16335200900.0,-0.050904,23.202,0.3565,0.0051,0.0168,84.7,97.8,99.2,78.535,75.572
2000-02-29,5.8426,5.727,5.73,6.23781333333,8.2781,0.625,0.0,0.005924,16999906300.0,-0.020108,23.5955,0.3558,0.005,0.0167,84.7,99.7,99.6,78.535,75.572
2000-03-31,5.8425,5.86391304348,5.85,6.22838347826,8.2786,0.633,0.0,0.008245,18164200200.0,0.09672,22.7182608696,0.3564,0.0047,0.0167,84.7,99.9,100.0,78.324,76.368
2000-04-30,5.9577,5.82157894737,6.02,6.295105,8.2793,0.632,0.0,0.000584,17154277900.0,-0.030796,27.1642105263,0.3583,0.0048,0.0167,84.7,98.5,100.0,78.324,76.368
2000-05-31,5.95,5.99454545455,6.27,6.30282857143,8.2781,0.6627,0.0,0.001168,16503501200.0,-0.021915,26.3731818182,0.3598,0.0049,0.0167,84.7,98.8,100.2,78.324,76.368
2000-06-30,5.846,5.86181818182,6.53,6.226825,8.2772,0.6626,0.0,0.005248,17404189300.0,0.023934,21.54,0.3592,0.0048,0.0167,84.7,100.2,100.1,80.035,77.012
2000-07-31,5.8431,6.1425,6.54,6.19247095238,8.2794,0.6633,0.0,0.00232,17106733500.0,-0.016341,19.893,0.3603,0.0051,0.0166,84.7,100.2,100.0,80.035,77.012
2000-08-31,5.8606,6.27739130435,6.5,6.21811090909,8.2796,0.6716,0.0,0.0,18437238600.0,0.060699,18.0886956522,0.3601,0.0053,0.0166,84.7,100.4,99.8,80.035,77.012
2000-09-30,5.765,6.175,6.52,6.20569238095,8.2785,0.6975,0.0,0.005208,17566409700.0,-0.053483,19.6875,0.3601,0.0053,0.0166,84.7,101.6,100.4,80.061,77.127
2000-10-31,5.727,6.29476190476,6.51,6.16274181818,8.2785,0.6894,0.0,0.001727,17119308000.0,-0.004949,25.2,0.3606,0.0051,0.0166,84.7,101.2,100.3,80.061,77.127
2000-11-30,5.6396,6.35619047619,6.51,6.08629363636,8.2774,0.7014,0.0,0.000575,15328812500.0,-0.080069,26.3828571429,0.3592,0.0054,0.0166,84.7,101.2,100.3,80.061,77.127
2000-12-31,5.6113,5.937,6.4,5.96497526316,8.2771,0.6836,0.0,-0.000574,15623503500.0,0.004053,26.5305,0.3601,0.0055,0.0163,84.7,100.5,100.1,80.958,77.762
2001-01-31,5.4937,5.28523809524,5.98,5.84336,8.2776,0.6768,0.0,0.006322,16246821200.0,0.034637,24.9185714286,0.3597,0.0054,0.0163,84.7,100.5,100.3,80.958,77.762
2001-02-28,5.3881,5.00526315789,5.49,5.7565475,8.2771,0.6885,0.0,0.003998,14621532100.0,-0.092291,23.4115789474,0.361,0.0069,0.0149,84.7,99.9,100.2,80.958,77.762
2001-03-31,5.2231,4.53545454545,5.31,5.55125863636,8.2775,0.6923,0.0,0.002275,13600863500.0,-0.064205,28.4968181818,0.361,0.007,0.0148,84.7,98.3,100.0,80.699,77.688
2001-04-30,5.0461,3.966,4.8,5.40493421053,8.2771,0.697,0.0,0.003973,14741727600.0,0.076814,28.134,0.3611,0.0071,0.0148,84.7,97.8,99.9,80.699,77.688
2001-05-31,4.9599,3.70318181818,4.21,5.24682714286,8.277,0.701,0.0,0.004522,14875172700.0,0.00509,22.9440909091,0.361,0.0069,0.0148,84.7,98.0,99.6,80.699,77.688
2001-06-30,5.036,3.56523809524,3.97,5.25854190476,8.277,0.7133,0.0,0.001688,14635914200.0,-0.025004,20.9404761905,0.3606,0.007,0.0149,85.5,97.6,99.4,81.962,78.23
2001-07-31,4.9775,3.59333333333,3.77,5.25436136364,8.2769,0.7068,0.0,-0.002809,14374807600.0,-0.010772,22.3161904762,0.3598,0.0075,0.0149,85.5,96.1,99.0,81.962,78.23
2001-08-31,4.6553,3.43782608696,3.65,4.99659818182,8.277,0.6958,0.0,0.0,13527706400.0,-0.064108,21.8617391304,0.3599,0.0072,0.0152,85.5,96.0,98.8,81.962,78.23
2001-09-30,4.2828,2.69235294118,3.07,4.7294615,8.2768,0.6832,0.0,0.004507,12277196700.0,-0.081723,35.0653333333,0.3583,0.0071,0.0149,86.4,95.9,99.0,82.411,78.414
2001-10-31,4.1157,2.19772727273,2.49,4.42821304348,8.2768,0.6896,0.0,-0.003365,12628237900.0,0.018099,32.7213043478,0.3586,0.0071,0.0149,86.4,93.7,98.3,82.411,78.414
2001-11-30,3.7711,1.9065,2.09,3.99674818182,8.2769,0.6966,0.0,-0.001688,13604095200.0,0.075176,26.630952381,0.359,0.0067,0.0149,86.4,92.3,97.8,82.411,78.414
2001-12-31,3.8333,1.72,1.82,4.04852947368,8.2764,0.6938,0.0,-0.003946,13845359900.0,0.007574,23.72,0.359,0.0067,0.0149,87.2,91.4,97.6,83.509,80.117
2002-01-31,3.8597,1.68476190476,1.73,4.04406590909,8.2771,0.6982,0.0,0.002264,13620320900.0,-0.015574,22.2528571429,0.3589,0.0066,0.0153,87.2,91.6,97.5,83.509,80.117
2002-02-28,3.888,1.75684210526,1.74,4.0526775,8.2767,0.7029,0.0,0.003953,13316984400.0,-0.020766,22.8757894737,0.3549,0.0057,0.0168,87.2,91.6,97.3,83.509,80.117
2002-03-31,4.0002,1.825,1.73,4.127729,8.2773,0.7027,0.0,0.005624,13938288200.0,0.036739,18.985,0.3547,0.0058,0.0168,87.9,92.8,97.6,85.099,82.117
2002-04-30,3.9409,1.745,1.75,4.17254380952,8.2772,0.693,0.0,0.005593,13264908600.0,-0.061418,19.9004545455,0.3547,0.0058,0.0168,87.9,94.3,98.0,85.099,82.117
2002-05-31,4.001,1.76045454545,1.75,4.15475227273,8.277,0.685,0.0,0.0,13216854300.0,-0.009081,20.0877272727,0.3533,0.006,0.0171,87.9,94.4,98.0,85.099,82.117
2002-06-30,3.9311,1.732,1.75,4.17612833333,8.2767,0.674,0.0,0.000556,12326854300.0,-0.072465,25.271,0.3521,0.006,0.0171,88.8,94.1,98.0,85.373,83.636
2002-07-31,3.7153,1.71363636364,1.73,4.0605373913,8.2768,0.6425,0.0,0.001112,11333229800.0,-0.078995,34.0495454545,0.353,0.0061,0.0168,88.8,94.5,98.3,85.373,83.636
2002-08-31,3.8193,1.64727272727,1.74,3.98550904762,8.2767,0.6507,0.0,0.003331,11395579500.0,0.004881,33.7427272727,0.353,0.0061,0.0166,88.8,94.8,98.5,85.373,83.636
2002-09-30,3.7742,1.659,1.75,3.98872047619,8.277,0.6425,0.0,0.00166,10239226900.0,-0.110013,37.6475,0.3528,0.0059,0.0166,89.5,95.5,98.8,86.132,85.116
2002-10-31,3.6907,1.61,1.75,3.96400826087,8.2772,0.6421,0.0,0.001657,11000326200.0,0.086436,35.2430434783,0.353,0.0059,0.0166,89.5,95.5,98.7,86.132,85.116
2002-11-30,3.8269,1.25473684211,1.34,3.97142190476,8.2772,0.6365,0.0,0.0,11656389500.0,0.05707,28.175,0.3517,0.006,0.0166,89.5,94.6,98.8,86.132,85.116
2002-12-31,3.8427,1.21095238095,1.24,4.016281,8.2777,0.6304,0.0,-0.002206,11026837200.0,-0.060333,28.2104761905,0.352,0.006,0.0166,90.1,95.2,98.6,85.977,86.107
2003-01-31,3.754,1.18904761905,1.24,3.98082,8.2775,0.6182,0.0,0.004422,10754193000.0,-0.027415,27.4242857143,0.3522,0.006,0.0171,90.1,96.9,98.9,85.977,86.107
2003-02-28,3.459,1.18526315789,1.26,3.754249,8.278,0.6219,0.0,0.007705,10565773900.0,-0.017004,32.2184210526,0.3283,0.0061,0.018,90.1,98.5,99.5,85.977,86.107
2003-03-31,3.4814,1.15095238095,1.25,3.65502952381,8.2773,0.6319,0.0,0.006008,10669443100.0,0.008358,30.6342857143,0.3292,0.0061,0.0181,91.2,99.1,99.7,86.859,87.829
2003-04-30,3.4432,1.15238095238,1.26,3.6446265,8.2772,0.6354,0.0,-0.002172,11538803100.0,0.081044,23.9919047619,0.3298,0.0062,0.0181,91.2,96.0,99.6,86.859,87.829
2003-05-31,3.4099,1.0880952381,1.26,3.634962,8.2769,0.6164,0.0,-0.001632,12247408500.0,0.050899,20.2395238095,0.3312,0.005,0.0181,91.2,95.3,99.7,86.859,87.829
2003-06-30,3.468,0.93619047619,1.22,3.63965904762,8.2771,0.6021,0.0,0.00109,12444422600.0,0.011322,20.3623809524,0.3313,0.005,0.0181,92.0,96.2,99.5,88.3,88.854
2003-07-31,3.3346,0.920454545455,1.01,3.49022434783,8.2773,0.6165,0.0,0.001089,12719235500.0,0.016224,19.1613636364,0.3307,0.005,0.0181,92.0,96.7,99.4,88.3,88.854
2003-08-31,3.4949,0.969047619048,1.03,3.520305,8.277,0.6274,0.0,0.003806,13034982600.0,0.017873,19.2742857143,0.3307,0.005,0.0181,92.0,96.7,99.4,88.3,88.854
2003-09-30,3.5591,0.955238095238,1.01,3.69670409091,8.2772,0.619,0.0,0.00325,12955265900.0,-0.011944,19.5323809524,0.3307,0.005,0.0181,92.9,96.2,99.8,89.94,90.791
2003-10-31,3.7781,0.941818181818,1.01,3.80338347826,8.2768,0.5955,0.0,-0.00108,13731193400.0,0.054962,18.0234782609,0.3304,0.005,0.0181,92.9,96.3,100.0,89.94,90.791
2003-11-30,3.8201,0.952222222222,1.0,3.9804305,8.2769,0.5918,0.0,-0.002703,13962503300.0,0.007129,17.4010526316,0.3313,0.005,0.0181,92.9,96.8,100.5,89.94,90.791
2003-12-31,3.739,0.914545454545,0.98,4.01718809524,8.277,0.5709,0.0,-0.001084,14576736100.0,0.050765,16.8263636364,0.3313,0.0049,0.0181,93.6,97.5,100.8,90.648,90.559
2004-01-31,3.917,0.9005,1.0,4.05616190476,8.277,0.5478,0.0,0.004883,14907364900.0,0.017276,16.101,0.3303,0.0049,0.0181,93.6,99.0,101.5,90.648,90.559
2004-02-29,4.033,0.944736842105,1.01,4.166539,8.2771,0.5355,0.0,0.0054,15161060100.0,0.012209,15.9984210526,0.3311,0.0068,0.0191,93.6,99.4,102.2,90.648,90.559
2004-03-31,4.171,0.95347826087,1.0,4.29672652174,8.2771,0.5476,0.0,0.006445,15031909400.0,-0.016359,17.6873913043,0.331,0.007,0.0191,94.6,100.2,103.0,90.956,90.258
2004-04-30,4.228,0.958095238095,1.0,4.3941885,8.2769,0.5546,0.0,0.003202,14672442000.0,-0.016791,15.6985714286,0.3306,0.0071,0.0191,94.6,100.4,103.7,90.956,90.258
2004-05-31,4.448,1.0395,1.0,4.52694210526,8.2771,0.5599,0.0,0.005851,14880898000.0,0.012083,17.705,0.3274,0.007,0.0191,94.6,101.9,104.1,90.956,90.258
2004-06-30,4.619,1.2880952381,1.03,4.78974454545,8.2767,0.5471,0.0,0.003173,15182065700.0,0.017989,15.3571428571,0.3271,0.007,0.0191,95.5,101.7,103.4,91.602,91.059
2004-07-31,4.714,1.35761904762,1.26,4.85701727273,8.2767,0.5424,0.0,-0.001581,14606309100.0,-0.034291,15.5023809524,0.3268,0.007,0.0182,95.5,102.1,103.9,91.602,91.059
2004-08-31,4.732,1.50318181818,1.43,4.96297666667,8.2768,0.5494,0.0,0.000528,14634555200.0,0.002287,16.6840909091,0.326,0.007,0.0182,95.5,103.6,103.4,91.602,91.059
2004-09-30,4.6795,1.68142857143,1.61,4.94690454545,8.2767,0.5575,0.0,0.002111,14915540100.0,0.009364,14.080952381,0.3265,0.007,0.0186,96.4,104.1,103.8,91.978,91.611
2004-10-31,4.679,1.7945,1.76,4.9007152381,8.2765,0.5532,0.0,0.005266,15137553000.0,0.014014,14.9738095238,0.3272,0.0069,0.0182,96.4,105.8,104.4,91.978,91.611
2004-11-30,4.64,2.1075,1.93,4.88359409091,8.2765,0.5374,0.0,0.000524,15887333900.0,0.038595,13.5771428571,0.3265,0.0069,0.0181,96.4,105.5,104.7,91.978,91.611
2004-12-31,4.691,2.22272727273,2.16,4.87005952381,8.2765,0.5185,0.0,-0.003665,16449910000.0,0.032458,12.4595454545,0.3247,0.0069,0.0182,97.1,104.0,104.8,92.62,93.321
2005-01-31,4.654,2.371,2.28,4.8725645,8.2765,0.532,0.0,0.002102,15997883600.0,-0.02529,13.438,0.3242,0.0068,0.0182,97.1,104.6,105.6,92.62,93.321
2005-02-28,4.7346,2.57947368421,2.5,4.8906885,8.2765,0.5299,0.0,0.005768,16343844600.0,0.018903,11.7089473684,0.3172,0.0073,0.0203,97.1,105.5,105.7,92.62,93.321
2005-03-31,4.7594,2.79590909091,2.63,4.98759,8.2765,0.5251,0.0,0.007821,16068172600.0,-0.019118,13.1263636364,0.317,0.0069,0.0203,98.0,107.8,106.4,93.49,95.108
2005-04-30,4.6949,2.83666666667,2.79,4.9433652381,8.2765,0.5274,0.0,0.006725,15648128300.0,-0.020109,14.459047619,0.3172,0.0071,0.0203,98.0,108.8,106.9,93.49,95.108
2005-05-31,4.648,2.9019047619,3.0,4.8927525,8.2765,0.5388,0.0,-0.001028,16203874400.0,0.029952,13.9676190476,0.3177,0.0069,0.0203,98.0,107.9,106.7,93.49,95.108
2005-06-30,4.5179,3.03636363636,3.04,4.84143636364,8.2765,0.5501,0.0,0.000514,16374589800.0,-0.000143,11.8686363636,0.317,0.0071,0.0203,98.6,109.2,106.7,93.225,96.202
2005-07-31,4.4304,3.2875,3.26,4.65793952381,8.2264,0.5712,0.0,0.004627,17059723900.0,0.035968,11.049,0.3177,0.0072,0.0203,98.6,110.5,106.8,93.225,96.202
2005-08-31,4.382,3.51826086957,3.5,4.59500272727,8.1017,0.5573,0.0,0.005118,16911023000.0,-0.011222,12.9513043478,0.3196,0.0071,0.0203,98.6,112.1,106.6,93.225,96.202
2005-09-30,4.4004,3.49428571429,3.62,4.59686136364,8.0919,0.5536,0.0,0.01222,17074784600.0,0.006949,12.6280952381,0.3196,0.0071,0.0203,99.3,114.4,107.5,93.999,96.207
2005-10-31,4.4238,3.7925,3.78,4.58701047619,8.0895,0.5665,0.0,0.002012,16694705100.0,-0.017741,14.9376190476,0.319,0.007,0.0204,99.3,114.5,108.3,93.999,96.207
2005-11-30,4.4003,3.9745,4.0,4.61846727273,8.084,0.5764,0.0,-0.008032,17351993100.0,0.035186,12.1476190476,0.3197,0.0071,0.0202,99.3,112.3,107.6,93.999,96.207
2005-12-31,4.4271,3.97095238095,4.16,4.6372995,8.0755,0.5728,0.0,-0.004049,17370449200.0,-0.000952,11.26,0.3195,0.007,0.0202,100.1,112.3,107.7,94.157,96.322
2006-01-31,4.4017,4.336,4.29,4.60198095238,8.0654,0.5654,0.0,0.007622,17993709600.0,0.025467,12.036,0.3203,0.007,0.0203,100.1,113.7,108.5,94.157,96.322
2006-02-28,4.3885,4.53947368421,4.49,4.5819895,8.0512,0.5721,0.0,0.002017,17982769300.0,0.000453,12.4710526316,0.3246,0.0067,0.0189,100.1,112.8,108.6,94.157,96.322
2006-03-31,4.4107,4.62782608696,4.59,4.58741304348,8.035,0.5733,0.0,0.005536,18303210200.0,0.011065,11.6939130435,0.3237,0.0068,0.0189,100.7,112.7,108.8,94.788,96.356
2006-04-30,4.4502,4.72157894737,4.79,4.63031444444,8.0143,0.5656,0.0,0.008509,18440365000.0,0.012187,11.8473684211,0.3253,0.0067,0.019,100.7,115.1,109.6,94.788,96.356
2006-05-31,4.5129,4.83636363636,4.94,4.70321714286,8.0131,0.5351,0.0,0.004963,17849733400.0,-0.030917,14.4545454545,0.3249,0.0067,0.019,100.7,117.2,110.4,94.788,96.356
2006-06-30,4.5352,4.91772727273,4.99,4.734985,8.0042,0.5424,0.0,0.001975,17823188800.0,8.7e-05,16.9186363636,0.3244,0.007,0.0191,101.6,117.3,111.2,94.734,95.935
2006-07-31,4.5768,5.0765,5.24,4.73321666667,7.9897,0.5422,0.0,0.002957,17760171400.0,0.005086,15.326,0.3266,0.0061,0.0191,101.6,118.2,111.6,94.734,95.935
2006-08-31,4.7651,5.09043478261,5.25,4.94299863636,7.9722,0.528,0.0,0.001966,18097986200.0,0.021274,13.3517391304,0.3275,0.0061,0.019,101.6,118.8,112.1,94.734,95.935
2006-09-30,4.8669,4.93,5.25,5.02501428571,7.9334,0.5308,0.0,-0.004904,18418234200.0,0.024566,12.1845,0.3298,0.0059,0.019,102.6,116.2,111.7,94.224,96.82
2006-10-31,4.9773,5.04619047619,5.25,5.13176409091,7.9018,0.5329,0.0,-0.005421,19064741500.0,0.031508,11.3063636364,0.3294,0.0057,0.019,102.6,113.3,111.4,94.224,96.82
2006-11-30,5.0444,5.07333333333,5.25,5.22544181818,7.8622,0.5229,0.0,-0.001487,19448847100.0,0.016467,10.8176190476,0.3291,0.0061,0.0184,102.6,113.8,111.8,94.224,96.82
2006-12-31,5.108,4.973,5.24,5.28993631579,7.8219,0.5095,0.0,0.001489,19606473000.0,0.012616,10.9645,0.3308,0.0061,0.0187,103.4,115.1,112.5,94.834,98.082
2007-01-31,5.3662,5.10523809524,5.25,5.49378136364,7.7876,0.5105,0.0,0.003053,19931130200.0,0.014059,11.0425,0.3312,0.0064,0.0185,103.4,113.7,113.0,94.834,98.082
2007-02-28,5.31,5.16315789474,5.26,5.5657015,7.7502,0.5105,0.0,0.00535,19592882800.0,-0.021846,11.1552631579,0.3199,0.0072,0.0181,103.4,114.1,113.9,94.834,98.082
2007-03-31,5.3808,5.08,5.26,5.54946181818,7.7369,0.5135,0.0,0.009106,19847945500.0,0.00998,15.1627272727,0.3193,0.0071,0.0181,104.2,115.9,114.7,94.85,99.123
2007-04-30,5.4721,5.00666666667,5.25,5.65019947368,7.7247,0.503,0.0,0.006496,20578445600.0,0.043291,12.933,0.3193,0.0073,0.0181,104.2,117.5,115.2,94.85,99.123
2007-05-31,5.5896,4.86772727273,5.25,5.76672285714,7.6773,0.504,0.0,0.006111,21299221100.0,0.032549,13.2977272727,0.3196,0.0072,0.0181,104.2,118.6,115.5,94.85,99.123
2007-06-30,5.7699,4.7419047619,5.25,5.88018095238,7.6333,0.5033,0.0,0.001938,20933899100.0,-0.017816,14.9476190476,0.3191,0.0072,0.0181,105.1,120.0,116.0,95.636,100.136
2007-07-31,5.7543,4.96095238095,5.26,6.02395636364,7.5757,0.4913,0.0,-0.000254,20190108600.0,-0.031982,17.2733333333,0.3186,0.0074,0.0181,105.1,121.5,116.1,95.636,100.136
2007-08-31,5.7675,4.31695652174,5.02,6.41068272727,7.5734,0.4973,0.0,-0.001834,20367502600.0,0.012864,25.0260869565,0.3184,0.0073,0.0179,105.1,121.1,116.3,95.636,100.136
2007-09-30,5.6055,3.99421052632,4.94,6.6469375,7.521,0.4954,0.0,0.002756,21114952700.0,0.035794,22.1989473684,0.3188,0.0073,0.0164,105.9,121.8,116.7,96.711,100.893
2007-10-31,5.5708,4.00272727273,4.76,6.27013782609,7.5019,0.489,0.0,0.002139,21515932800.0,0.014822,19.1156521739,0.3195,0.0074,0.0161,105.9,123.6,117.6,96.711,100.893
2007-11-30,5.4435,3.3545,4.49,6.40858136364,7.421,0.4831,0.0,0.00594,20298468800.0,-0.044043,25.5823809524,0.3207,0.0066,0.0161,105.9,127.5,118.7,96.711,100.893
2007-12-31,5.2388,3.0665,4.24,6.39082315789,7.3682,0.496,0.0,-0.000671,20193601100.0,-0.008628,21.651,0.3206,0.0065,0.0161,106.8,127.3,119.3,96.997,102.174
2008-01-31,5.0106,2.82,3.94,5.64446090909,7.2405,0.5076,0.0,0.004971,18877981100.0,-0.061163,25.8161904762,0.3206,0.0065,0.0159,106.8,129.2,120.7,96.997,102.174
2008-02-29,4.9772,2.174,2.98,5.6420247619,7.1644,0.509,0.0,0.002904,18357347900.0,-0.034761,25.456,0.3199,0.0064,0.0157,106.8,129.5,121.8,96.997,102.174
2008-03-31,4.769,1.2835,2.61,5.89000157895,7.0722,0.4996,0.0,0.008668,18163827200.0,-0.00596,27.1035,0.3197,0.0064,0.0156,107.6,133.5,123.8,96.144,102.136
2008-04-30,4.8966,1.31181818182,2.28,5.91880818182,6.9997,0.5046,0.0,0.006065,19043581000.0,0.047547,21.5627272727,0.3193,0.0064,0.0156,107.6,137.3,124.4,96.144,102.136
2008-05-31,5.0379,1.76428571429,1.98,5.8252215,6.9725,0.5089,0.0,0.008421,19438239600.0,0.010674,18.3033333333,0.3186,0.0064,0.0156,107.6,141.2,124.8,96.144,102.136
2008-06-30,5.1022,1.89047619048,2.0,5.92943619048,6.8993,0.5085,0.0,0.010077,17904304500.0,-0.085962,22.1104761905,0.3197,0.0064,0.0154,108.3,145.5,126.1,97.069,100.701
2008-07-31,5.0851,1.655,2.01,5.83220347826,6.8355,0.5028,0.0,0.005251,17643097000.0,-0.009859,24.3213636364,0.3197,0.0065,0.0153,108.3,147.5,128.0,97.069,100.701
2008-08-31,4.9386,1.75285714286,2.0,5.766565,6.8462,0.5301,0.0,-0.003992,17790848600.0,0.012191,20.6957142857,0.3196,0.0063,0.0153,108.3,143.0,125.9,97.069,100.701
2008-09-30,4.5131,1.14666666667,1.81,5.91059772727,6.8307,0.5564,0.0,-0.001383,16054237200.0,-0.090791,30.2385714286,0.32,0.0063,0.0157,109.1,137.8,124.9,97.306,99.329
2008-10-31,3.5418,0.685909090909,0.97,6.13304347826,6.8358,0.593,1.3347826087,-0.010101,13023502900.0,-0.169425,61.1773913043,0.3204,0.0063,0.0157,109.1,129.6,122.3,97.306,99.329
2008-11-30,1.6806,0.193888888889,0.39,4.446844,6.8281,0.6524,0.983333333333,-0.019153,11859358800.0,-0.074849,62.6394736842,0.3209,0.0059,0.0165,109.1,120.0,118.4,97.306,99.329
2008-12-31,1.242,0.0394736842105,0.16,3.20104238095,6.8539,0.6732,0.612903225806,-0.010342,12127351200.0,0.007822,52.405,0.3206,0.0059,0.0165,109.6,114.5,115.8,96.759,97.584
2009-01-31,0.9057,0.1295,0.15,2.32241190476,6.836,0.6915,0.25,0.004352,11162287300.0,-0.085657,44.683,0.3203,0.0057,0.0156,109.6,113.0,116.6,96.759,97.584
2009-02-28,0.6595,0.295263157895,0.22,2.090378,6.8363,0.6934,0.25,0.004973,9974831190.0,-0.109931,45.5705263158,0.3208,0.0056,0.0183,109.6,113.0,116.3,96.759,97.584
2009-03-31,0.621,0.215909090909,0.18,1.83139409091,6.836,0.7057,0.25,0.002432,10721526800.0,0.085405,44.7954545455,0.3214,0.0054,0.018,109.9,113.6,115.5,97.505,96.935
2009-04-30,0.5677,0.158095238095,0.15,1.531171,6.8306,0.6797,0.25,0.002496,11884357600.0,0.093925,38.0638095238,0.3218,0.0054,0.018,109.9,114.8,116.1,97.505,96.935
2009-05-31,0.5168,0.177,0.18,1.35677842105,6.8235,0.6486,0.25,0.002889,12729967800.0,0.053081,31.978,0.3206,0.0054,0.018,109.9,116.8,116.6,97.505,96.935
2009-06-30,0.4941,0.178636363636,0.21,1.24116772727,6.8334,0.6109,0.25,0.00859,12727921100.0,0.000196,29.1404545455,0.3205,0.0058,0.018,110.2,120.0,117.8,99.378,98.474
2009-07-31,0.4339,0.183636363636,0.16,1.00112652174,6.8317,0.6106,0.25,-0.001586,13777948500.0,0.074142,26.1627272727,0.3215,0.0063,0.0183,110.2,119.3,117.4,99.378,98.474
2009-08-31,0.374,0.171904761905,0.16,0.777876,6.8323,0.6049,0.25,0.002243,14252045500.0,0.03356,25.3371428571,0.3199,0.0063,0.0183,110.2,121.1,118.1,99.378,98.474
2009-09-30,0.387,0.123333333333,0.15,0.605599090909,6.8277,0.6126,0.25,0.000625,14975468600.0,0.035723,24.9266666667,0.3204,0.0063,0.0183,110.7,121.3,117.9,100.993,101.488
2009-10-31,0.455,0.0742857142857,0.12,0.570867727273,6.8267,0.6168,0.25,0.000963,14516536600.0,-0.019762,24.2522727273,0.3188,0.0063,0.0183,110.7,122.3,117.9,100.993,101.488
2009-11-30,0.457,0.0521052631579,0.12,0.60936047619,6.8271,0.6024,0.25,0.000708,15325751700.0,0.057364,23.7835,0.3193,0.0063,0.0183,110.7,124.1,118.9,100.993,101.488
2009-12-31,0.4911,0.0545454545455,0.12,0.605687142857,6.8275,0.6163,0.25,-0.001761,15802378600.0,0.017771,21.2395454545,0.3203,0.0064,0.0183,111.1,124.4,119.7,102.218,103.279
2010-01-31,0.4876,0.0615789473684,0.11,0.613034,6.8269,0.6189,0.25,0.003417,15195289000.0,-0.036974,20.6431578947,0.3218,0.0066,0.0171,111.1,125.9,120.7,102.218,103.279
2010-02-28,0.4915,0.108947368421,0.13,0.6330965,6.8285,0.6403,0.25,0.000249,15695763000.0,0.028514,22.54,0.3159,0.0064,0.0192,111.1,125.8,120.3,102.218,103.279
2010-03-31,0.5131,0.150434782609,0.16,0.645491304348,6.8262,0.6641,0.25,0.004106,16737878900.0,0.058796,17.7673913043,0.3148,0.0064,0.0192,111.8,126.3,121.2,102.651,104.637
2010-04-30,0.504,0.162272727273,0.2,0.6567985,6.8256,0.6522,0.25,0.001737,17074872200.0,0.014759,17.4242857143,0.3159,0.0064,0.0192,111.8,127.7,122.5,102.651,104.637
2010-05-31,0.4946,0.16,0.2,0.697468421053,6.8275,0.6817,0.25,0.000775,15704877100.0,-0.081976,31.9295,0.3168,0.0064,0.0192,111.8,126.7,123.1,102.651,104.637
2010-06-30,0.4877,0.123636363636,0.18,0.728388181818,6.8184,0.6771,0.25,-0.000976,14853931900.0,-0.053882,29.9163636364,0.3164,0.0064,0.0192,112.3,125.2,122.2,102.987,106.545
2010-07-31,0.4986,0.157619047619,0.18,0.736029090909,6.7762,0.6534,0.25,0.000211,15863740400.0,0.068778,25.5652380952,0.3152,0.0063,0.0192,112.3,125.2,122.0,102.987,106.545
2010-08-31,0.494,0.155,0.19,0.733286190476,6.7873,0.6385,0.25,0.001381,15141042400.0,-0.047449,24.7459090909,0.3154,0.0061,0.0192,112.3,125.7,123.0,102.987,106.545
2010-09-30,0.5106,0.151904761905,0.19,0.728593181818,6.7396,0.6414,0.25,0.000582,16517083600.0,0.087551,22.5176190476,0.3169,0.0069,0.0192,112.8,125.7,123.7,103.624,106.801
2010-10-31,0.5047,0.1345,0.19,0.738397142857,6.6678,0.6302,0.25,0.001245,17161766100.0,0.036856,20.3733333333,0.3174,0.0069,0.0191,112.8,127.1,124.7,103.624,106.801
2010-11-30,0.4858,0.143,0.19,0.739007272727,6.6538,0.6265,0.25,0.000421,17334292000.0,-0.00229,20.0957142857,0.3142,0.0069,0.0187,112.8,129.2,126.6,103.624,106.801
2010-12-31,0.5007,0.140909090909,0.18,0.749168095238,6.6497,0.6412,0.25,0.001718,18488163300.0,0.0653,17.5695454545,0.314,0.007,0.0187,113.4,131.0,127.5,103.91,107.17
2011-01-31,0.5092,0.152,0.17,0.7692215,6.5964,0.6336,0.25,0.004763,18907490500.0,0.022646,17.3155,0.3135,0.0069,0.0187,113.4,133.0,129.1,103.91,107.17
2011-02-28,0.539,0.132105263158,0.16,0.799621,6.5761,0.6202,0.25,0.004931,19597456500.0,0.031957,17.43,0.3172,0.0071,0.0184,113.4,135.3,130.8,103.91,107.17
2011-03-31,0.6043,0.100434782609,0.14,0.809133043478,6.5645,0.6189,0.25,0.009751,19672771000.0,-0.001047,20.7234782609,0.3153,0.0071,0.0184,114.0,139.3,132.7,103.064,107.422
2011-04-30,0.5602,0.0585,0.1,0.82108,6.5267,0.6105,0.25,0.006439,20193561600.0,0.028495,16.244,0.3151,0.0069,0.0184,114.0,142.9,133.8,103.064,107.422
2011-05-31,0.5264,0.0409523809524,0.09,0.823378,6.4957,0.6123,0.25,0.004704,19848500900.0,-0.013501,16.9114285714,0.3167,0.0069,0.0184,114.0,143.1,134.3,103.064,107.422
2011-06-30,0.5083,0.0372727272727,0.09,0.825115454545,6.4746,0.6166,0.25,-0.001071,19433360400.0,-0.018258,19.1531818182,0.3163,0.0064,0.0184,114.7,142.2,134.5,103.327,106.551
2011-07-31,0.4875,0.0375,0.07,0.828899047619,6.4575,0.6189,0.25,0.000886,18977058800.0,-0.021474,19.2275,0.3161,0.0064,0.0184,114.7,142.4,134.0,103.327,106.551
2011-08-31,0.4578,0.024347826087,0.1,0.856707272727,6.4036,0.6114,0.25,0.002758,17818026800.0,-0.056791,35.0291304348,0.3136,0.0064,0.0184,114.7,141.9,134.6,103.327,106.551
2011-09-30,0.464,0.0138095238095,0.08,0.918097727273,6.3885,0.6341,0.25,0.001518,16248805900.0,-0.071762,36.53,0.3132,0.0064,0.0184,115.1,141.7,135.3,103.054,107.767
2011-10-31,0.4583,0.019,0.07,0.969905714286,6.371,0.6342,0.25,-0.002063,18053270700.0,0.107723,32.829047619,0.3129,0.0067,0.0184,115.1,141.2,132.6,103.054,107.767
2011-11-30,0.4099,0.014,0.08,1.01182045455,6.3564,0.6327,0.25,-0.000844,17854579600.0,-0.005059,31.9419047619,0.3127,0.0067,0.0172,115.1,142.2,132.7,103.054,107.767
2011-12-31,0.2407,0.0114285714286,0.07,1.059901,6.3482,0.6416,0.25,-0.002467,17884872000.0,0.008533,25.0476190476,0.3127,0.0066,0.0172,115.7,142.2,132.1,103.908,107.606
2012-01-31,0.3646,0.0345,0.08,1.08742904762,6.3172,0.6442,0.25,0.0044,18851949500.0,0.043583,20.228,0.3128,0.0068,0.0158,115.7,142.2,132.5,103.908,107.606
2012-02-29,0.4019,0.092,0.1,1.07248571429,6.2997,0.6328,0.25,0.004403,19580014700.0,0.040589,18.4205,0.315,0.0065,0.0168,115.7,142.2,133.1,103.908,107.606
2012-03-31,0.4428,0.0840909090909,0.13,1.03757363636,6.3125,0.632,0.25,0.007595,20053859200.0,0.031332,16.1672727273,0.3135,0.0064,0.0172,116.2,144.2,134.1,103.871,108.731
2012-04-30,0.4026,0.0838095238095,0.14,1.01743684211,6.3043,0.625,0.25,0.003021,19912993100.0,-0.007497,17.823,0.3123,0.0065,0.0172,116.2,144.1,134.7,103.871,108.731
2012-05-31,0.3333,0.0895454545455,0.16,1.00474545455,6.3242,0.628,0.25,-0.001173,18555089200.0,-0.062651,21.0018181818,0.3098,0.0067,0.0172,116.2,142.0,134.0,103.871,108.731
2012-06-30,0.3532,0.0914285714286,0.16,0.945483684211,6.3633,0.6428,0.25,-0.001466,19231366100.0,0.039555,21.130952381,0.3106,0.0068,0.0168,116.8,138.7,131.7,104.348,109.285
2012-07-31,0.2633,0.0971428571429,0.16,0.817349090909,6.3717,0.6413,0.25,-0.00163,19404455700.0,0.012598,17.5652380952,0.3102,0.0067,0.0168,116.8,137.7,132.2,104.348,109.285
2012-08-31,0.2418,0.102608695652,0.13,0.705456818182,6.3593,0.6361,0.25,0.005565,19839127200.0,0.019763,15.6895652174,0.3108,0.0067,0.0168,116.8,139.4,133.4,104.348,109.285
2012-09-30,0.261,0.105263157895,0.14,0.648034,6.32,0.6201,0.25,0.004462,20396695300.0,0.024236,15.2847368421,0.3106,0.0067,0.0168,117.3,140.8,134.5,104.692,109.495
2012-10-31,0.2346,0.104761904762,0.16,0.543970434783,6.2627,0.6219,0.25,-0.000389,20083140500.0,-0.019789,16.2761904762,0.3111,0.0065,0.0168,117.3,141.2,134.6,104.692,109.495
2012-11-30,0.2316,0.0935,0.16,0.524519545455,6.2338,0.6263,0.25,-0.004738,20140387700.0,0.002847,16.7019047619,0.3101,0.0064,0.017,117.3,140.2,133.8,104.692,109.495
2012-12-31,0.309,0.07,0.16,0.518718421053,6.2328,0.6194,0.25,-0.002693,20350733200.0,0.007068,17.307,0.3107,0.0064,0.017,117.8,139.4,133.6,104.176,110.107
2013-01-31,0.289,0.0742857142857,0.14,0.512159090909,6.2215,0.6264,0.25,0.002957,21474748900.0,0.050428,13.5052380952,0.3109,0.0064,0.0163,117.8,140.1,134.1,104.176,110.107
2013-02-28,0.3443,0.0989473684211,0.15,0.5098765,6.2323,0.6462,0.25,0.00819,21574311300.0,0.011061,14.0726315789,0.3084,0.0067,0.0169,117.8,141.3,135.1,104.176,110.107
2013-03-31,0.3752,0.087,0.14,0.50688,6.2154,0.6631,0.25,0.002615,22356173200.0,0.035988,13.0315,0.3086,0.0067,0.0169,118.4,141.2,134.4,104.727,110.941
2013-04-30,0.3273,0.06,0.15,0.505510952381,6.1861,0.6531,0.25,-0.00104,22679664700.0,0.018086,13.9672727273,0.3086,0.0067,0.0169,118.4,140.2,133.6,104.727,110.941
2013-05-31,0.309,0.0440909090909,0.11,0.50563,6.1416,0.6537,0.25,0.00178,23103887400.0,0.020763,13.4936363636,0.3065,0.0068,0.0169,118.4,139.4,132.9,104.727,110.941
2013-06-30,0.3289,0.0505,0.09,0.507939,6.1342,0.6455,0.25,0.0024,22696655500.0,-0.014999,17.2715,0.3061,0.0066,0.0167,118.9,138.8,132.8,104.918,111.966
2013-07-31,0.2997,0.0354545454545,0.09,0.509442173913,6.1343,0.6588,0.25,0.000394,23870196800.0,0.049462,13.9745454545,0.306,0.0065,0.0167,118.9,138.9,132.6,104.918,111.966
2013-08-31,0.2686,0.0436363636364,0.08,0.512561904762,6.1213,0.645,0.25,0.001203,23212545100.0,-0.031298,14.21,0.3063,0.0067,0.0167,118.9,139.4,131.9,104.918,111.966
2013-09-30,0.3504,0.016,0.08,0.516875714286,6.1198,0.6295,0.25,0.001163,24082390400.0,0.029749,14.692,0.3062,0.0069,0.0167,119.5,139.8,132.4,105.818,112.118
2013-10-31,0.3184,0.0472727272727,0.09,0.516633913043,6.1032,0.6212,0.25,-0.002575,25008585900.0,0.044596,15.407826087,0.3062,0.0069,0.0167,119.5,138.9,131.6,105.818,112.118
2013-11-30,0.2882,0.0678947368421,0.08,0.523443333333,6.0929,0.6211,0.25,-0.002042,25612980200.0,0.028049,12.924,0.3077,0.0069,0.0169,119.5,137.7,131.8,105.818,112.118
2013-12-31,0.257,0.0666666666667,0.09,0.5244375,6.0738,0.6104,0.25,-8.6e-05,26278925000.0,0.023563,14.1923809524,0.3068,0.007,0.0169,120.1,137.8,132.3,106.629,112.474
2014-01-31,0.3601,0.0433333333333,0.07,0.520726363636,6.0509,0.6072,0.25,0.00372,25481349500.0,-0.035583,14.240952381,0.3068,0.007,0.017,120.1,138.3,132.7,106.629,112.474
2014-02-28,0.3768,0.0526315789474,0.07,0.521535,6.0816,0.6039,0.25,0.003698,26645122800.0,0.043117,15.47,0.3013,0.0068,0.0177,120.1,139.8,133.7,106.629,112.474
2014-03-31,0.421,0.052380952381,0.08,0.521574761905,6.1729,0.6015,0.25,0.00644,26787812900.0,0.006932,14.8366666667,0.3007,0.0072,0.0177,120.5,140.5,134.9,105.277,113.351
2014-04-30,0.3438,0.0309523809524,0.09,0.5266625,6.2246,0.5971,0.25,0.003297,26873584300.0,0.006201,14.1980952381,0.3007,0.0072,0.0177,120.5,139.7,133.5,105.277,113.351
2014-05-31,0.2762,0.032380952381,0.09,0.527518,6.238,0.5938,0.25,0.003493,27355955700.0,0.02103,12.4752380952,0.2996,0.007,0.0177,120.5,140.1,133.7,105.277,113.351
2014-06-30,0.4171,0.0357142857143,0.1,0.54394,6.2306,0.5914,0.25,0.001862,28112732900.0,0.019058,11.5414285714,0.3,0.007,0.0177,121.4,140.3,133.1,105.789,114.363
2014-07-31,0.4178,0.0263636363636,0.09,0.556407391304,6.1984,0.586,0.25,-0.00039,27536527900.0,-0.01508,12.2963636364,0.3006,0.0067,0.0177,121.4,140.0,133.1,105.789,114.363
2014-08-31,0.3974,0.0328571428571,0.09,0.5610455,6.1541,0.5988,0.25,-0.001671,28580584200.0,0.037655,13.4919047619,0.3001,0.0068,0.0177,121.4,140.0,133.1,105.789,114.363
2014-09-30,0.4803,0.02,0.09,0.562914090909,6.1382,0.6139,0.25,0.000753,27844052800.0,-0.015514,13.4666666667,0.3003,0.0068,0.0177,121.4,140.0,133.1,105.789,114.363
2014-10-31,0.3901,0.0168181818182,0.09,0.558359130435,6.1251,0.6221,0.25,-0.002512,28436382700.0,0.023201,18.0586956522,0.301,0.0068,0.0177,121.4,140.0,133.1,105.789,114.363
2014-11-30,0.4129,0.0216666666667,0.09,0.556277,6.1249,0.6341,0.25,-0.005399,29033314400.0,0.024534,13.4131578947,0.301,0.0063,0.0177,121.4,140.0,133.1,105.789,114.363
2014-12-31,0.3884,0.0290909090909,0.12,0.558044285714,6.1886,0.6392,0.25,-0.00567,28962063800.0,-0.004189,16.2922727273,0.3009,0.0063,0.0177,121.4,140.0,133.1,105.789,114.363
2015-01-31,0.3421,0.0275,0.11,0.562530952381,6.2181,0.6604,0.25,-0.004706,28064187500.0,-0.031041,19.1195,0.3023,0.0066,0.0177,121.4,140.0,133.1,105.789,114.363
2015-02-28,0.3999,0.0178947368421,0.11,0.5636275,6.2518,0.6524,0.25,0.004343,29551936200.0,0.054893,15.9042105263,0.2924,0.007,0.0175,121.4,140.0,133.1,105.789,114.363
2015-03-31,0.4417,0.0277272727273,0.11,0.56436,6.2386,0.6685,0.25,0.005952,29182688100.0,-0.017396,14.8127272727,0.2941,0.0073,0.0173,121.4,140.0,133.1,105.789,114.363
2015-04-30,0.4365,0.0231818181818,0.12,0.5695485,6.201,0.6681,0.25,0.002033,29416123400.0,0.008521,13.4947619048,0.2941,0.0071,0.0173,121.4,140.0,133.1,105.789,114.363
2015-05-31,0.4642,0.0165,0.12,0.567864736842,6.2035,0.647,0.25,0.005097,29620606800.0,0.010491,13.3385,0.2944,0.0071,0.0173,121.4,140.0,133.1,105.789,114.363
2015-06-30,0.4956,0.015,0.13,0.57188,6.2052,0.642,0.25,0.003503,29015530700.0,-0.021012,14.3395454545,0.2938,0.0073,0.0173,121.4,140.0,133.1,105.789,114.363
2015-07-31,0.4848,0.0322727272727,0.13,0.580836086957,6.2085,0.6427,0.25,6.7e-05,29353090400.0,0.019742,14.3527272727,0.2931,0.0071,0.0173,121.4,140.0,133.1,105.789,114.363
2015-08-31,0.4544,0.0719047619048,0.14,0.5866935,6.3383,0.6419,0.25,-0.001416,27482103600.0,-0.062581,19.4280952381,0.2946,0.0071,0.0173,121.4,140.0,133.1,105.789,114.363
2015-09-30,0.4665,0.0242857142857,0.14,0.585758636364,6.3676,0.652,0.25,-0.001557,26483208500.0,-0.026443,24.3771428571,0.2948,0.0074,0.0173,121.4,140.0,133.1,105.789,114.363
2015-10-31,0.4801,0.0166666666667,0.12,0.580061363636,6.3505,0.6518,0.25,-0.00045,28373175400.0,0.082983,16.7895454545,0.2948,0.0074,0.0173,121.4,140.0,133.1,105.789,114.363
2015-11-30,0.4836,0.126315789474,0.12,0.573707619048,6.364,0.6582,0.25,-0.002111,28351218000.0,0.000505,16.21,0.2935,0.0074,0.018,121.4,140.0,133.1,105.789,114.363
2015-12-31,0.4511,0.228636363636,0.24,0.582276666667,6.4491,0.6675,0.370967741935,-0.003417,27656973000.0,-0.01753,18.0254545455,0.293,0.007,0.018,121.4,140.0,133.1,105.789,114.363
2016-01-31,0.4811,0.257368421053,0.34,0.589729,6.5726,0.6948,0.5,0.001653,26005889100.0,-0.050735,23.7178947368,0.2934,0.007,0.0183,121.4,140.0,133.1,105.789,114.363
2016-02-29,0.467,0.3145,0.38,0.590725238095,6.5501,0.6998,0.5,0.000823,25805437300.0,-0.004128,22.517,0.2986,0.0067,0.0191,121.4,140.0,133.1,105.789,114.363
2016-03-31,0.4596,0.297272727273,0.36,0.588259047619,6.5027,0.7018,0.5,0.004306,27531208800.0,0.065991,15.8490909091,0.3003,0.0067,0.0191,121.4,140.0,133.1,105.789,114.363
2016-04-30,0.4442,0.228095238095,0.37,0.588897619048,6.4754,0.6984,0.5,0.004741,27816064500.0,0.002699,14.3004761905,0.2988,0.0067,0.0191,121.4,140.0,133.1,105.789,114.363
2016-05-31,0.4254,0.276666666667,0.37,0.589320526316,6.5259,0.6885,0.5,0.004046,28061947800.0,0.015329,14.8528571429,0.2992,0.0075,0.0199,121.4,140.0,133.1,105.789,114.363
2016-06-30,0.3998,0.272727272727,0.38,0.574676363636,6.5892,0.7044,0.5,0.003284,28104580600.0,0.000906,17.7745454545,0.2981,0.0076,0.0199,121.4,140.0,133.1,105.789,114.363
2016-07-31,0.3427,0.301,0.39,0.513602857143,6.6771,0.7614,0.5,-0.001618,29174153400.0,0.03561,13.1585,0.2957,0.0079,0.0199,121.4,140.0,133.1,105.789,114.363
2016-08-31,0.2212,0.299565217391,0.4,0.406882272727,6.6466,0.7633,0.5,0.000918,29189832000.0,-0.001219,12.3995652174,0.2944,0.0079,0.0199,121.4,140.0,133.1,105.789,114.363
2016-09-30,0.1837,0.294285714286,0.4,0.379066363636,6.6702,0.761,0.5,0.002404,29173349500.0,-0.001234,14.2195238095,0.284090909091,0.00745454545455,0.022,121.4,140.0,133.1,105.789,114.363
2016-10-31,0.1599,0.3315,0.4,0.397496190476,6.7303,0.811,0.5,0.001247,28534258600.0,-0.019426,14.5852380952,0.284090909091,0.00772727272727,0.022,121.4,140.0,133.1,105.789,114.363
2016-11-30,0.1209,0.4525,0.41,0.397726818182,6.8402,0.8044,0.5,-0.001555,29636950400.0,0.034174,15.2361904762,0.281363636364,0.00763636363636,0.022,121.4,140.0,133.1,105.789,114.363
2016-12-31,0.0106,0.511904761905,0.54,0.3732785,6.9198,0.8011,0.637096774194,0.000327,30149235700.0,0.018201,12.4723809524,0.282090909091,0.00763636363636,0.0203636363636,121.4,140.0,133.1,105.789,114.363
2017-01-31,0.1642,0.519,0.65,0.361887142857,6.8907,0.8086,0.75,0.005828,30850618500.0,0.017884,11.6085,0.283636363636,0.00763636363636,0.0203636363636,121.4,140.0,133.1,105.789,114.363
2017-02-28,0.0344,0.526315789474,0.66,0.3567385,6.8694,0.8003,0.75,0.003146,31803125000.0,0.037198,11.5305263158,0.283636363636,0.00763636363636,0.0203636363636,121.4,140.0,133.1,105.789,114.363
2017-03-31,0.0621,0.747826086957,0.79,0.34567,6.894,0.8099,0.879032258065,0.000813,31837341000.0,-0.000389,11.897826087,0.283636363636,0.00763636363636,0.0203636363636,121.4,140.0,133.1,105.789,114.363
2017-04-30,0.0693,0.808421052632,0.9,0.334466470588,6.8876,0.7912,1.0,0.002966,32142906600.0,0.009091,13.1363157895,0.283636363636,0.00763636363636,0.0203636363636,121.4,140.0,133.1,105.789,114.363
2017-05-31,0.0575,0.903181818182,0.91,0.310659047619,6.8843,0.7735,1.0,0.000855,32422281400.0,0.011576,10.8622727273,0.283636363636,0.00763636363636,0.0203636363636,121.4,140.0,133.1,105.789,114.363
2017-06-30,0.1262,0.999090909091,1.04,0.294424545455,6.8066,0.7806,1.13333333333,0.000907,32684654500.0,0.004814,10.5136363636,0.283636363636,0.00763636363636,0.0203636363636,121.4,140.0,133.1,105.789,114.363
